,KIR3DL3,KIR2DS2,KIR2DL2,KIR2DL3,KIR2DL5B,KIR2DS3,KIR2DP1,KIR2DL1,KIR2DL4,KIR3DL1,KIR3DS1,KIR2DL5A,KIR2DS5,KIR2DS1,KIR2DS4,KIR3DL2
IND00001,2,1,1,1,0,0,1,1,2,2,0,0,0,0,2,2
IND00002,2,1,1,1,0,0,1,1,2,2,0,0,0,0,2,2
IND00004,2,0,0,2,0,0,2,2,2,1,1,1,1,1,1,2
IND00005,2,0,0,2,0,0,2,2,2,2,0,0,0,0,2,2
IND00009,2,1,1,1,1,1,2,2,2,1,1,1,1,1,1,2
IND00010,2,2,2,0,0,0,1,1,2,1,1,1,1,1,1,2
IND00013,2,0,0,2,0,0,2,2,2,2,0,0,0,0,2,2
IND00015,2,1,1,1,1,1,2,2,2,1,1,1,1,1,1,2
IND00016,2,0,0,2,0,0,1,R,2,2,0,0,0,0,2,2
IND00017,2,0,0,2,0,0,2,2,2,2,0,0,0,0,2,2
IND00018,2,1,1,1,0,0,1,1,2,1,1,1,1,1,1,2
IND00019,2,0,0,2,0,0,2,2,2,2,0,0,0,0,2,2
IND00021,2,0,0,2,0,0,2,2,2,2,0,0,0,0,2,R
IND00022,2,0,0,2,0,0,2,2,2,1,1,1,1,1,1,2
IND00023,2,0,0,2,0,0,2,2,2,1,1,1,1,1,1,2
IND00024,2,0,0,2,0,0,2,2,2,2,0,0,0,0,2,2
IND00025,2,0,0,2,0,0,2,2,2,1,1,1,1,1,1,2
IND00027,2,0,0,2,0,0,2,2,2,2,0,0,0,0,2,2
IND00028,2,0,0,2,0,0,2,2,2,2,0,0,0,0,2,2
IND00029,2,1,1,1,1,1,2,2,3,1,2,1,1,1,1,2
IND00030,2,0,0,2,0,0,2,2,2,2,0,0,0,0,2,2
IND00032,2,1,1,1,0,0,1,1,2,2,0,0,0,0,2,2
IND00034,2,0,0,2,0,0,2,2,2,2,0,0,0,0,2,2
IND00035,2,0,0,2,0,0,2,2,2,2,0,0,0,0,2,2
IND00036,2,1,1,1,0,0,1,1,2,1,1,1,1,1,1,2
IND00037,2,0,0,2,0,0,2,2,2,1,1,1,1,1,1,2
IND00038,2,0,0,2,0,0,2,2,2,2,0,0,0,0,2,2
IND00039,2,1,R,R,1,1,2,2,2,1,1,1,1,1,1,2
IND00040,2,2,2,0,1,1,1,1,2,1,1,1,1,1,1,2
IND00041,2,0,0,2,0,0,2,2,2,1,1,1,1,1,1,2
IND00042,2,1,R,R,1,2,2,2,2,1,1,1,0,1,1,2
IND00043,2,0,0,2,0,0,2,2,2,1,1,1,1,1,1,2
IND00044,2,0,0,2,0,0,2,2,2,2,0,0,0,0,2,2
IND00046,2,1,1,1,1,1,2,2,2,2,0,0,0,0,2,2
IND00047,2,1,1,1,1,2,2,2,2,1,1,1,0,1,1,2
IND00048,2,1,1,1,0,0,1,1,2,2,0,0,0,0,2,2
IND00049,2,1,1,1,1,2,2,2,2,1,1,1,0,1,1,2
IND00052,2,0,0,2,0,0,2,2,1,1,0,0,0,1,1,2
IND00053,2,2,2,0,1,1,1,1,2,1,1,1,1,1,1,2
IND00054,2,0,0,2,0,0,2,2,2,2,0,0,0,0,2,2
IND00055,2,2,2,0,2,1,1,1,2,1,1,0,1,1,1,2
IND00056,2,0,0,2,0,0,2,2,1,1,0,0,0,0,1,2
IND00058,2,1,1,1,0,0,1,1,2,2,0,0,0,0,2,2
IND00059,2,1,1,1,0,0,1,1,2,1,1,1,1,1,1,2
IND00060,2,0,R,R,0,0,2,2,2,2,0,0,0,0,2,2
IND00061,2,0,0,2,0,0,2,2,2,1,1,1,1,1,1,2
IND00062,2,0,0,2,0,0,2,2,2,R,R,0,0,0,2,2
IND00063,2,1,1,1,0,0,2,R,2,0,2,2,2,2,0,2
IND00064,2,0,0,2,0,0,2,2,2,2,0,0,0,0,2,2
IND00065,2,0,0,2,0,0,2,2,2,2,0,0,0,0,2,2
IND00066,2,1,1,1,0,0,1,R,2,1,1,1,1,1,1,2
IND00067,2,1,1,1,1,1,R,2,2,2,0,0,0,0,2,2
IND00068,2,0,0,2,0,0,2,2,2,2,0,0,0,0,2,2
IND00071,2,0,0,2,0,0,2,2,2,2,0,0,0,0,2,2
IND00072,2,0,0,2,0,0,2,2,2,2,0,0,0,0,2,2
IND00073,2,2,2,0,2,2,2,1,2,2,0,0,0,0,2,2
IND00076,2,0,0,2,0,0,2,2,2,2,0,0,0,0,2,2
IND00077,2,0,0,2,0,0,2,2,2,2,0,0,0,0,2,2
IND00078,2,0,0,2,0,0,2,2,2,2,0,0,0,0,2,2
IND00079,2,0,0,2,0,0,2,2,2,2,0,0,0,0,2,2
IND00080,2,0,0,2,0,1,2,2,2,0,2,2,1,2,0,2
IND00082,2,0,0,2,0,0,2,2,2,1,1,1,1,1,1,2
IND00083,2,1,1,1,0,0,1,1,2,2,0,0,0,0,2,2
IND00084,2,2,2,0,0,0,0,0,2,1,1,1,1,1,1,2
IND00085,2,1,1,1,0,0,1,1,2,2,0,0,0,0,2,2
IND00087,2,0,0,2,0,0,2,2,2,2,0,0,0,0,2,2
IND00089,2,1,1,1,1,1,2,2,2,1,1,1,1,1,1,2
IND00090,2,1,1,1,1,2,2,2,2,0,2,2,1,2,0,2
IND00092,2,1,1,1,1,1,2,2,2,1,1,1,1,1,1,2
IND00095,2,0,0,2,0,0,2,2,2,2,0,0,0,0,2,2
IND00096,2,1,1,1,0,0,1,R,2,0,2,2,2,2,0,2
IND00097,2,1,1,1,0,0,1,1,2,2,0,0,0,0,2,2
IND00098,2,0,0,2,0,0,2,2,2,2,0,0,0,0,2,2
IND00101,2,1,1,1,0,0,1,0,1,0,1,1,1,1,0,2
IND00102,2,1,1,1,0,0,1,1,2,2,0,0,0,0,2,2
IND00103,2,0,0,2,0,0,2,2,2,2,0,0,0,0,2,2
IND00104,2,0,0,2,0,0,2,2,2,2,0,0,0,0,2,2
IND00105,2,1,1,1,1,0,1,1,1,1,0,0,1,1,1,2
IND00106,2,1,1,1,1,1,2,2,2,1,1,1,1,1,1,2
IND00107,2,1,1,1,1,1,2,2,3,2,1,0,0,0,2,2
IND00108,2,1,1,1,0,0,1,1,2,2,0,0,0,0,2,2
IND00109,2,1,1,1,0,0,1,1,2,2,0,0,0,0,2,2
IND00110,2,1,1,1,0,0,1,1,2,2,0,0,0,0,2,2
IND00112,2,0,0,2,0,0,2,2,2,1,1,1,1,1,1,2
IND00114,2,1,1,1,2,0,1,1,2,1,1,0,1,1,1,2
IND00116,2,1,1,1,0,0,1,1,2,2,0,0,0,0,2,2
IND00117,2,0,0,2,0,0,2,2,2,1,1,1,1,1,1,2
IND00118,2,2,R,R,1,2,1,1,2,1,1,1,0,1,1,2
IND00119,2,1,1,1,0,0,1,1,2,2,0,0,0,0,2,2
IND00120,2,1,1,1,1,2,2,2,2,1,1,1,0,1,1,2
IND00121,2,1,1,1,0,0,1,1,2,1,1,1,1,1,1,2
IND00122,2,2,2,0,1,1,1,1,2,1,1,1,1,1,1,2
IND00123,2,1,1,1,0,0,1,1,2,2,0,0,0,0,2,2
IND00124,2,0,0,2,0,0,2,2,R,2,0,0,0,0,2,2
IND00125,2,1,1,1,1,1,2,2,3,2,1,0,0,0,2,2
IND00126,2,1,1,1,1,1,2,2,2,2,0,0,0,0,2,2
IND00127,2,2,2,0,2,2,1,1,2,1,1,1,1,1,1,2
IND00128,2,1,1,1,0,0,1,1,2,2,0,0,0,0,2,2
IND00129,2,1,1,1,1,1,2,2,2,1,1,1,1,1,1,2
IND00130,2,1,1,1,1,1,2,2,2,2,0,0,0,0,2,2
IND00131,2,1,1,1,1,1,2,2,2,2,0,0,0,0,2,2
IND00132,2,1,1,1,0,0,1,1,2,2,0,0,0,0,2,2
IND00133,2,2,2,0,2,2,2,1,2,2,0,0,0,0,2,2
IND00134,2,2,R,R,1,1,R,R,2,2,0,0,0,0,2,2
IND00135,2,0,0,2,0,0,2,2,2,2,0,0,0,0,2,2
IND00136,2,0,0,2,0,0,2,2,2,2,0,0,0,0,2,2
IND00137,2,0,0,2,0,0,2,2,2,2,0,0,0,0,2,2
IND00138,2,0,0,2,0,0,2,2,2,2,0,0,0,0,2,2
IND00139,2,0,0,2,0,0,2,2,2,2,0,0,0,0,2,2
IND00140,2,0,0,2,0,0,2,2,2,2,0,0,0,0,2,2
IND00141,2,0,0,2,0,0,2,2,2,1,1,1,1,1,1,2
IND00144,2,1,1,1,1,1,2,2,2,2,0,0,0,0,2,2
IND00145,2,1,1,1,1,1,2,2,2,2,0,0,0,0,2,2
IND00146,2,1,1,1,1,1,2,2,2,1,1,1,1,1,1,2
IND00147,2,0,0,2,0,0,2,2,2,2,0,0,0,0,2,2
IND00148,2,0,0,2,0,0,2,2,2,1,1,1,1,1,1,R
IND00149,2,1,1,1,0,0,1,1,2,2,0,0,0,0,2,2
IND00150,2,2,2,0,0,0,0,0,2,2,0,0,0,0,2,2
IND00151,2,1,1,1,0,0,1,1,2,2,0,0,0,0,2,2
IND00152,2,1,1,1,1,1,2,2,2,2,0,0,0,0,2,2
IND00153,2,1,1,1,1,1,2,2,2,2,0,0,0,0,2,2
IND00154,2,1,R,R,0,0,1,1,2,R,R,0,0,0,3,2
IND00155,2,0,0,2,0,0,2,2,2,0,2,2,2,2,0,2
IND00156,2,0,0,2,0,0,2,2,2,R,R,0,0,0,2,2
IND00157,2,2,2,0,0,0,0,0,2,2,0,0,0,0,2,2
IND00159,2,0,0,2,0,1,2,2,2,1,1,1,0,1,1,2
IND00160,2,2,2,0,0,0,0,0,2,2,0,0,0,0,2,2
IND00161,2,1,R,R,0,0,1,1,3,1,2,2,2,2,1,2
IND00162,2,0,0,2,0,0,2,2,2,2,0,0,0,0,2,2
IND00163,2,0,0,2,0,0,2,2,2,2,0,0,0,0,2,2
IND00164,2,1,1,1,0,0,1,1,2,1,1,1,1,1,1,2
IND00165,2,0,0,2,0,0,2,2,2,2,0,0,0,0,2,2
IND00166,2,2,R,R,1,1,R,2,2,1,1,1,1,1,1,2
IND00168,2,1,1,1,1,1,2,2,1,1,0,0,0,1,1,2
IND00169,2,0,0,2,0,0,2,2,2,0,2,2,2,2,0,2
IND00170,2,0,0,2,0,0,2,2,2,1,1,1,1,1,1,2
IND00171,2,1,1,1,0,0,1,1,2,2,0,0,0,0,2,2
IND00173,2,1,1,1,0,1,1,1,2,1,1,1,0,1,1,2
IND00174,2,0,0,2,0,0,2,2,2,2,0,0,0,0,2,2
IND00175,2,0,0,2,0,0,2,R,1,1,0,0,0,1,1,2
IND00176,2,0,0,2,0,0,2,2,2,2,0,0,0,0,2,2
IND00177,2,0,0,2,1,1,2,2,3,1,2,1,1,1,1,2
IND00178,2,0,R,R,0,0,2,2,2,1,R,0,0,0,2,R
IND00180,2,1,1,1,0,0,1,1,2,2,0,0,0,0,2,2
IND00181,2,0,0,2,0,0,2,2,2,2,0,0,0,0,2,2
IND00182,2,0,0,2,0,1,2,2,2,1,1,1,0,1,1,2
IND00183,2,0,0,2,0,0,2,2,2,1,1,1,1,1,1,2
IND00184,2,0,0,2,0,0,2,2,2,2,0,0,0,0,2,2
IND00185,2,0,0,2,0,0,R,2,2,2,0,0,0,0,2,2
IND00186,2,0,0,2,0,0,2,2,2,2,0,0,0,0,2,2
IND00188,2,0,0,2,0,0,2,2,2,2,0,0,0,0,2,2
IND00190,2,0,0,2,0,1,2,2,2,1,1,1,0,1,1,2
IND00191,2,0,0,2,0,0,2,2,2,1,1,1,1,1,1,2
IND00192,2,2,2,0,0,0,0,0,2,2,0,0,0,0,2,2
IND00193,2,0,0,2,0,0,2,2,2,2,0,0,0,0,2,2
IND00195,2,1,1,1,1,2,2,2,2,1,1,1,0,1,1,2
IND00196,2,0,0,2,0,0,2,2,2,1,1,1,1,1,1,2
IND00197,2,0,0,2,0,0,2,2,2,2,0,0,0,0,2,2
IND00198,2,0,0,2,0,0,2,2,3,2,1,0,0,0,2,2
IND00199,2,2,2,0,1,1,1,1,2,2,0,0,0,0,2,2
IND00200,2,1,1,1,0,0,1,1,2,2,0,0,0,0,2,2
IND00202,2,0,0,2,0,0,2,2,2,2,0,0,0,0,2,2
IND00203,2,2,2,0,2,3,2,1,2,1,1,1,0,1,1,R
IND00204,2,1,1,1,0,0,1,1,2,1,1,1,1,1,1,R
IND00205,2,1,R,R,0,0,1,1,2,2,0,0,0,0,2,2
IND00206,2,1,1,1,0,0,1,1,2,2,0,0,0,0,2,2
IND00207,2,1,1,1,1,1,2,2,2,2,0,0,0,0,2,2
IND00208,2,0,0,2,0,0,2,2,2,1,1,1,1,1,1,2
IND00209,2,0,0,2,0,0,2,2,2,2,0,0,0,0,2,2
IND00210,2,0,0,2,0,0,2,2,2,2,0,0,0,0,2,2
IND00211,2,1,1,1,1,2,2,2,2,1,1,1,0,1,1,2
IND00212,2,0,0,2,0,0,2,2,2,2,0,0,0,0,2,2
IND00213,2,1,1,1,1,1,2,2,2,1,1,1,1,1,1,2
IND00214,2,1,1,1,1,1,2,2,2,1,1,1,1,1,1,2
IND00215,2,0,0,2,0,0,2,2,2,0,2,2,2,2,0,2
IND00216,2,1,1,1,1,1,2,2,2,2,0,0,0,0,2,2
IND00217,2,1,1,1,1,1,2,2,2,1,1,1,1,1,1,2
IND00218,2,1,1,1,0,1,1,1,2,1,1,1,0,1,1,2
IND00219,2,1,1,1,0,0,1,1,2,1,1,1,1,1,1,2
IND00220,2,1,1,1,1,1,2,R,2,2,0,0,0,0,2,2
IND00221,2,0,0,2,0,0,2,2,2,1,1,1,1,1,1,2
IND00222,2,0,0,2,0,1,2,2,2,0,2,2,1,2,0,2
IND00223,2,0,0,2,0,0,2,2,2,0,2,2,2,2,0,2
IND00224,2,1,1,1,0,0,1,1,2,1,1,1,1,1,1,2
IND00225,2,2,2,0,0,0,0,0,2,2,0,0,0,0,2,2
IND00226,2,0,0,2,0,0,2,2,2,0,2,2,2,2,0,R
IND00227,2,0,0,2,0,0,2,2,2,1,1,1,1,1,1,2
IND00228,2,0,0,2,0,0,2,2,2,2,0,0,0,0,2,2
IND00229,2,0,0,2,1,1,2,2,3,1,2,1,1,1,1,2
IND00230,2,0,0,2,0,0,2,2,2,1,1,1,1,1,1,2
IND00231,2,1,1,1,1,2,2,2,2,1,1,1,0,1,1,2
IND00232,2,0,0,2,0,0,2,2,2,2,0,0,0,0,2,2
IND00233,2,1,1,1,1,1,2,2,2,1,1,1,1,1,1,2
IND00234,2,0,0,2,0,0,2,2,2,2,0,0,0,0,2,2
IND00235,2,1,1,1,1,2,2,2,2,1,1,1,0,1,1,2
IND00236,2,0,0,2,0,0,2,2,2,2,0,0,0,0,2,2
IND00237,2,0,0,2,0,0,2,2,2,2,0,0,0,0,2,2
IND00238,2,0,0,2,0,0,2,2,2,2,0,0,0,0,2,2
IND00239,2,0,0,2,0,0,2,2,2,2,0,0,0,0,2,2
IND00240,2,1,1,1,1,1,2,2,2,1,1,1,1,1,1,2
IND00241,2,0,0,2,0,0,2,2,2,2,0,0,0,0,2,2
IND00242,2,2,2,0,0,0,0,0,2,2,0,0,0,0,2,2
IND00243,2,1,1,1,0,0,1,1,2,1,1,1,1,1,0,2
IND00244,2,1,1,1,1,1,2,2,3,1,2,1,1,1,1,2
IND00245,2,1,1,1,0,0,1,1,2,2,0,0,0,0,2,2
IND00246,2,0,0,2,0,0,2,2,2,2,0,0,0,0,2,2
IND00247,2,1,1,1,0,0,1,R,2,1,1,1,1,1,1,2
IND00248,2,1,1,1,0,0,1,1,2,2,0,0,0,0,2,2
IND00249,2,1,1,1,1,2,2,2,2,1,1,1,0,1,1,2
IND00250,2,1,1,1,0,0,1,1,2,2,0,0,0,0,2,2
IND00251,2,0,0,2,0,0,2,2,2,1,1,1,1,1,1,2
IND00252,2,1,1,1,0,0,1,1,2,2,0,0,0,0,2,2
IND00253,2,1,1,1,0,0,1,1,2,2,0,0,0,0,2,R
IND00254,2,1,1,1,0,0,1,1,2,2,0,0,0,0,2,2
IND00255,2,0,R,R,0,0,1,R,2,2,0,0,0,0,2,2
IND00256,2,1,1,1,1,1,2,2,2,1,1,1,1,1,1,2
IND00257,2,0,1,1,1,0,2,2,2,2,0,0,1,0,2,R
IND00258,2,1,R,R,0,0,1,1,2,2,0,0,0,0,2,2
IND00259,2,2,2,0,1,1,1,1,2,2,0,0,0,0,2,2
IND00260,2,0,0,2,0,0,2,2,2,1,1,1,1,1,1,2
IND00262,2,0,0,2,0,0,2,2,2,2,0,0,0,0,2,2
IND00263,2,0,0,2,0,0,2,2,2,2,0,0,0,0,2,2
IND00264,2,0,0,2,0,0,2,2,2,2,0,0,0,0,2,2
IND00265,2,1,1,1,1,1,2,2,3,2,1,0,0,0,2,2
IND00266,2,1,1,1,0,0,1,1,2,2,0,0,0,0,2,2
IND00267,2,0,0,2,0,0,2,2,2,1,1,1,1,1,1,2
IND00268,2,2,2,0,2,2,2,2,2,0,2,2,2,2,0,2
IND00269,2,1,1,1,0,0,1,1,2,2,0,0,0,0,2,2
IND00270,2,1,1,1,0,0,1,1,2,2,0,0,0,0,2,R
IND00272,2,1,1,1,1,1,2,2,2,2,0,0,0,0,2,2
IND00273,2,0,0,2,0,0,2,2,2,2,0,0,0,0,2,2
IND00274,2,0,0,2,0,0,2,2,2,2,0,0,0,0,2,2
IND00275,2,1,1,1,0,0,1,1,2,1,1,1,1,1,1,2
IND00276,2,1,1,1,1,1,2,2,2,2,0,0,0,0,2,2
IND00277,2,1,1,1,0,1,2,2,4,2,2,1,0,1,2,2
IND00278,2,0,0,2,0,0,2,2,2,2,0,0,0,0,2,2
IND00280,2,1,1,1,0,0,1,1,2,1,1,1,1,1,1,2
IND00281,2,0,0,2,0,1,2,2,2,1,1,1,0,1,1,2
IND00282,2,1,1,1,1,1,2,2,2,1,1,1,1,1,1,2
IND00283,2,1,1,1,0,0,1,1,2,1,1,1,R,R,1,2
IND00284,2,0,0,2,0,0,2,2,2,2,0,0,0,2,2,R
IND00285,2,1,1,1,0,0,1,1,2,2,0,0,0,0,2,2
IND00286,2,0,0,2,0,1,2,2,2,1,1,1,0,1,1,2
IND00287,2,0,0,2,0,0,2,2,2,1,1,1,1,1,1,2
IND00288,2,0,0,2,0,0,2,2,2,1,1,1,1,1,1,2
IND00289,2,1,1,1,1,1,2,2,2,1,1,1,1,1,1,2
IND00290,2,0,0,2,0,0,2,2,2,2,0,0,0,0,2,2
IND00291,2,0,0,2,0,0,2,2,2,2,0,0,0,0,2,2
IND00292,2,0,0,2,0,0,2,2,2,2,0,0,0,0,2,2
IND00293,2,2,1,1,1,1,2,2,3,2,1,0,0,0,3,2
IND00294,2,0,0,2,0,0,2,2,2,2,0,0,0,0,2,2
IND00295,2,0,0,2,0,0,2,2,2,2,0,0,0,0,2,2
IND00296,2,1,1,1,1,1,2,2,2,0,2,2,2,2,0,2
IND00297,2,0,0,2,0,0,2,2,2,0,2,2,2,2,0,2
IND00298,2,1,1,1,1,1,2,2,2,2,0,0,0,0,2,2
IND00299,2,0,0,2,0,0,2,2,2,2,0,0,0,0,2,2
IND00300,2,1,1,1,0,0,1,1,1,1,0,1,1,1,1,2
IND00301,2,0,0,2,0,0,2,2,2,2,0,0,0,0,2,2
IND00302,2,1,1,1,1,2,2,2,2,1,1,1,0,1,1,2
IND00303,2,1,1,1,1,1,2,2,2,2,0,0,0,0,2,2
IND00304,2,0,0,2,0,0,2,2,2,1,1,1,1,1,1,2
IND00305,2,2,2,0,0,0,0,0,2,2,0,0,0,0,2,2
IND00306,2,1,1,1,0,0,1,1,2,1,1,1,1,1,1,2
IND00307,2,0,0,2,0,0,2,2,2,1,1,1,1,1,1,2
IND00308,2,0,0,2,0,1,2,2,2,1,1,1,0,1,1,2
IND00309,2,0,0,2,0,0,2,2,2,2,0,0,0,0,2,2
IND00310,2,0,0,2,0,0,1,1,2,1,1,1,1,1,1,2
IND00311,2,0,0,2,0,0,2,2,2,1,1,1,1,1,1,2
IND00312,2,0,0,2,0,0,2,2,2,2,0,0,0,0,2,2
IND00313,2,0,0,2,0,0,2,2,2,2,0,0,0,0,2,2
IND00314,2,0,0,2,0,0,2,2,2,2,0,0,0,0,2,2
IND00315,2,1,1,1,0,0,1,1,2,1,1,1,1,1,1,2
IND00316,2,0,0,2,0,0,2,2,2,2,0,0,0,0,2,2
IND00317,2,0,0,2,0,0,2,2,R,2,0,0,0,0,2,2
IND00318,2,0,0,2,0,0,2,2,2,2,0,0,0,0,2,2
IND00319,2,1,1,1,1,2,2,2,2,1,1,1,0,1,1,2
IND00320,2,0,0,2,0,0,2,2,2,2,0,0,0,0,2,2
IND00321,2,0,0,2,0,0,2,2,2,1,1,1,1,1,1,R
IND00322,2,0,0,2,0,0,2,2,2,1,1,1,1,1,1,R
IND00323,2,0,0,2,0,0,2,2,2,0,2,2,2,2,0,2
IND00324,2,1,1,1,0,0,1,1,2,1,1,1,1,1,1,2
IND00325,2,0,0,2,0,0,2,2,2,1,1,1,1,1,1,2
IND00326,2,2,2,0,1,1,1,1,2,1,1,1,1,1,1,2
IND00327,2,0,0,2,0,0,2,2,2,2,0,0,0,0,2,2
IND00329,2,1,1,1,1,2,2,2,2,1,1,1,0,1,1,2
IND00330,2,1,1,1,1,1,2,2,2,2,0,0,0,0,2,2
IND00331,2,0,0,2,0,0,2,2,2,2,0,0,0,0,2,2
IND00332,2,0,0,2,0,0,2,2,2,2,0,0,0,0,2,2
IND00333,2,1,1,1,1,2,2,2,2,1,1,1,0,1,1,2
IND00334,2,1,1,1,0,0,1,1,2,2,0,0,0,0,2,2
IND00335,2,0,0,2,0,0,2,2,2,2,0,0,0,0,2,2
IND00336,2,1,1,1,0,0,1,1,2,2,0,0,0,0,2,2
IND00337,2,0,0,2,0,0,2,2,2,1,1,1,1,1,1,2
IND00338,2,0,0,2,0,0,2,2,2,2,0,0,0,0,2,2
IND00339,2,1,1,1,0,0,1,1,2,2,0,0,0,0,2,2
IND00341,2,1,1,1,0,0,1,1,2,2,0,0,0,0,2,2
IND00342,2,0,0,2,0,0,2,2,2,2,0,0,0,0,2,2
IND00343,2,0,0,2,0,0,2,2,2,1,1,1,1,1,1,2
IND00344,2,0,0,2,0,0,2,2,2,2,0,0,0,0,2,2
IND00345,2,1,1,1,1,1,R,2,2,1,1,1,1,1,1,2
IND00346,2,0,0,2,0,0,2,2,2,1,1,1,1,1,1,2
IND00347,2,2,2,0,0,0,0,0,2,2,0,0,0,0,2,2
IND00348,2,1,1,1,1,1,2,2,2,2,0,0,0,0,2,2
IND00349,2,0,0,2,0,0,2,2,2,2,0,0,0,0,2,2
IND00350,2,1,1,1,0,0,1,1,2,2,0,0,0,0,2,2
IND00351,2,1,1,1,0,0,1,1,2,2,0,0,0,0,2,2
IND00352,2,0,0,2,0,0,2,2,2,2,0,0,0,0,2,2
IND00353,2,0,0,2,0,0,2,2,2,2,0,0,0,0,2,R
IND00354,2,1,1,1,0,0,1,1,2,2,0,0,0,0,2,2
IND00355,2,0,0,2,0,0,2,2,2,2,0,0,0,0,2,2
IND00356,2,0,0,2,0,0,2,2,2,2,0,0,0,0,2,R
IND00357,2,1,1,1,1,1,2,2,3,2,1,0,0,0,2,2
IND00358,2,1,1,1,1,1,2,2,2,0,2,2,2,2,0,2
IND00359,2,0,0,2,0,0,2,2,2,2,0,0,0,0,2,2
IND00360,2,2,2,0,0,0,0,0,2,1,1,1,1,1,1,2
IND00361,2,0,0,2,0,0,2,2,2,2,0,0,0,0,2,2
IND00362,2,1,1,1,1,1,2,2,2,2,0,0,0,0,2,2
IND00363,2,0,0,2,0,0,2,2,2,2,0,0,0,0,2,R
IND00364,2,1,1,1,0,0,1,1,2,2,0,0,0,0,2,2
IND00365,2,2,2,0,2,2,2,2,2,0,2,2,2,2,0,2
IND00366,2,1,1,1,0,0,1,1,2,1,1,1,1,1,1,2
IND00367,2,2,2,0,0,0,0,0,2,2,0,0,0,0,2,2
IND00368,2,0,0,2,0,0,2,2,2,2,0,0,0,0,2,2
IND00369,2,2,2,0,0,0,0,0,2,2,0,0,0,0,2,2
IND00370,2,1,1,1,0,0,1,1,2,2,0,0,0,0,2,2
IND00371,2,1,1,1,0,0,1,1,2,1,1,1,1,1,1,2
IND00372,2,1,1,1,1,1,2,2,2,1,1,1,1,1,1,2
IND00373,2,1,1,1,0,0,1,1,2,0,2,2,2,2,0,2
IND00374,2,2,2,0,2,2,2,2,1,1,0,0,0,1,1,2
IND00375,2,0,0,2,0,0,2,2,2,1,1,1,1,1,1,1
IND00376,2,1,1,1,0,0,1,1,2,1,1,1,1,1,1,2
IND00377,2,1,1,1,0,0,1,1,2,2,0,0,0,0,2,2
IND00378,2,1,1,1,1,1,2,2,2,2,0,0,0,0,2,2
IND00379,2,0,0,2,0,0,2,2,2,2,0,0,0,0,2,R
IND00380,2,0,0,2,0,0,2,2,2,2,0,0,0,0,2,2
IND00381,2,0,0,2,0,0,2,2,2,1,1,1,1,1,1,2
IND00382,2,0,0,2,0,0,2,2,2,2,0,0,0,0,2,2
IND00383,2,0,0,2,0,0,2,2,2,2,0,0,0,0,2,2
IND00384,2,0,0,2,0,0,2,2,2,2,0,0,0,0,2,2
IND00385,2,1,1,1,1,1,2,2,2,0,2,2,2,2,0,2
IND00386,2,0,0,2,0,0,2,2,2,2,0,0,0,0,2,2
IND00387,2,0,0,2,0,0,2,2,2,2,0,0,0,0,2,2
IND00388,2,0,0,2,0,0,2,2,2,1,1,1,1,1,1,2
IND00390,2,0,0,2,0,0,2,2,2,2,0,0,0,0,2,R
IND00391,2,0,0,2,0,1,2,2,2,1,1,1,0,1,1,2